{
  "collapse-filter": true,
  "search": "",
  "showTags": false,
  "showAttachments": false,
  "hideUnresolved": false,
  "showOrphans": true,
  "collapse-color-groups": false,
  "colorGroups": [
    {
      "query": "declarative concurrency",
      "color": {
        "a": 1,
        "rgb": 14048348
      }
    },
    {
      "query": "",
      "color": {
        "a": 1,
        "rgb": 14069084
      }
    }
  ],
  "collapse-display": true,
  "showArrow": false,
  "textFadeMultiplier": 0,
  "nodeSizeMultiplier": 1,
  "lineSizeMultiplier": 1,
  "collapse-forces": false,
  "centerStrength": 0.58349609375,
  "repelStrength": 14.6337890625,
  "linkStrength": 0.639567057291667,
  "linkDistance": 250,
  "scale": 0.5079567606508819,
  "close": true
}